Version,S-WordCount,S-LineCount,S-Density,S-ParaCount,S-FunCalls,S-VarCount,S-RepWords,S-ComPer,S-MaxDepth,S-BlockCount,S-CycCom,D-AvgD, D-AvgInD, D-AvgOutD, D-FaultyD, D-FaultyInD, D-FaultyOutD, D-DiDiameter, D-UndiDiameter, D-Avg-Closeness, D-AvgInCloseness, D-AvgOutCloseness, D-FaultyCloseness, D-WeiEdgeSum, D-#AboveAvgDegrees, D-#DiCircles, D-#WeakGroups,T-#T, T-#PT, T-#FT, T-%PT, T-%FT, T-#E, T-#VE, T_#NVE, T-#V, T-Spa, T-Cov, T-CovPT, T-CovFT, T-AvgVE, T-AvgVEPT, T-AvgVEFT, T-#VEP^FT, T-%VEP^FT,RankDistance,FaultLocalizable
1,32.25531384711846,7.409222704589172,4.174786707806372,1.224864223498845,2.2849922204018416,1.7168356610159312,3.9976884744129175,0.5856820037765539,1.50593770650924,2.1595870126060954,4.19955964553881,2, 1, 1, 4, 1, 3, 7, 9, 0.2716, 0.0804, 0.0934, 0.3659, 1, 5, 0, 1,306, 304, 2, 0.9935, 0.0065, 243, 133, 110, 3356, 0.0451, 0.5473, 0.535, 0.0782, 10.9673, 10.9441, 14.5, 16, 0.1203,7,true
2,32.43038644911293,7.440906600123508,4.176657220648894,1.2244179602505352,2.2967479010403005,1.7280253298784656,4.008141977924264,0.586936167859632,1.5055601815383026,2.1641768398782726,4.220755387488323,2.5517, 1.2759, 1.2759, 4, 1, 3, 6, 10, 0.214, 0.0396, 0.0479, 0.2414, 1.2759, 12, 1, 1,17, 16, 1, 0.9412, 0.0588, 244, 70, 174, 527, 0.127, 0.2869, 0.2869, 0.1148, 31, 31.1875, 28, 28, 0.4,3,true
4,31.594696419291708,7.239551135281577,4.174661695678598,1.22724015554851,2.2660910677341244,1.6454272441594535,3.9665859671928385,0.5882344622299754,1.4992352974024818,2.1408528655370045,4.108540705009726,3.0526, 1.5263, 1.5263, 4, 1, 3, 7, 11, 0.2157, 0.0195, 0.0202, 0.2409, 1.5263, 20, 0, 1,53, 51, 2, 0.9623, 0.0377, 469, 186, 283, 4174, 0.1679, 0.3966, 0.3966, 0.1173, 78.7547, 80.549, 33, 55, 0.2957,1,true
5,31.742425240082174,7.272405519370035,4.177249037213319,1.2260164973859535,2.268997014365195,1.644155648387086,3.9819766144540303,0.5893545499911551,1.4989200984512692,2.148691871248388,4.1377695989191645,1.5, 0.75, 0.75, 1, 1, 0, 1, 2, 0.7, 0.3125, 0.4375, 0.6, 0.75, 1, 0, 1,242, 241, 1, 0.9959, 0.0041, 58, 47, 11, 1046, 0.0745, 0.8103, 0.7931, 0.069, 4.3223, 4.3237, 4, 3, 0.0638,2,true
7,31.389035653141466,7.181831378895341,4.176099091559103,1.222497477328338,2.270459340402369,1.6453580834242916,3.9643930187332033,0.5899160878181364,1.4978070228870548,2.1278658090682923,4.118091722598001,2.7778, 1.3889, 1.3889, 8, 1.3333, 6.6667, 13, 10, 0.185, 0.0073, 0.0087, 0.2068, 1.3889, 46, 1, 2,169, 168, 1, 0.9941, 0.0059, 359, 207, 152, 12866, 0.2121, 0.5766, 0.5766, 0.3621, 76.1302, 75.8095, 130, 130, 0.628,3,true
8,31.208561454898124,7.128032164416501,4.184466755565236,1.225277787930347,2.2707558454734103,1.641940993819249,3.9119143553751887,0.5893424212804623,1.491734087953957,2.119443682309677,4.078184072197804,2, 1, 1, 2, 1, 1, 6, 10, 0.2483, 0.0583, 0.071, 0.2794, 1, 5, 1, 1,23, 22, 1, 0.9565, 0.0435, 225, 51, 174, 435, 0.0841, 0.2267, 0.2178, 0.0978, 18.913, 18.7727, 22, 20, 0.3922,1,true
9,31.250443592801158,7.133128654916827,4.186137703461922,1.2279338054060822,2.268525354769693,1.6426680914644327,3.9156229364827357,0.5896209425606608,1.487741221220207,2.11732952328491,4.079981809387847,2.375, 1.1875, 1.1875, 3, 1, 2, 4, 5, 0.3956, 0.0771, 0.1043, 0.4167, 1.1875, 6, 0, 1,36, 35, 1, 0.9722, 0.0278, 224, 60, 164, 764, 0.0947, 0.2679, 0.2545, 0.067, 21.2222, 21.4, 15, 12, 0.2,1,true
10,31.011662337969202,7.11971212931608,4.14023408406947,1.2254715828583609,2.1842298896145755,1.6313831174673294,3.8887725020415873,0.5912098258898724,1.485874992598327,2.1154159549466307,4.082074610125675,2.7273, 1.3636, 1.3636, 7, 1, 6, 5, 6, 0.3503, 0.054, 0.0685, 0.5122, 1.3636, 12, 0, 1,352, 351, 1, 0.9972, 0.0028, 212, 183, 29, 6701, 0.0898, 0.8632, 0.8632, 0.0991, 19.0369, 19.0313, 21, 21, 0.1148,1,true
11,30.996247698279962,7.140673860871911,4.128127184271666,1.2264827337047242,2.186352123107604,1.6405499625191113,3.881280010850296,0.5908195738815586,1.4882360075046763,2.122739611662255,4.078592583584129,2.8163, 1.4082, 1.4082, 5, 1, 4, 8, 12, 0.2167, 0.0109, 0.0136, 0.2299, 1.4082, 39, 1, 1,11, 10, 1, 0.9091, 0.0909, 1016, 149, 867, 999, 0.0894, 0.1467, 0.1398, 0.0906, 90.8182, 90.7, 92, 85, 0.5705,2,true
12,30.999213297330982,7.141266980682113,4.128423744176767,1.2264827337047237,2.1863521231076013,1.641143082329313,3.8818731306604946,0.5907442690594937,1.488236007504676,2.122739611662254,4.07859258358413,5.9, 2.95, 2.95, -1, -1, -1, 8, 10, 0.2388, 0.0298, 0.0345, -1, 2.95, 20, 0, 1,657, 654, 3, 0.9954, 0.0046, 323, 205, 118, 10209, 0.0481, 0.6347, 0.6347, 0.1517, 15.5388, 15.4373, 37.6667, 49, 0.239,-1,false
13,30.99575358671396,7.140359371908494,4.128241735538447,1.2263731672373217,2.1860439425165654,1.6408631898080432,3.881383268945331,0.5907940525059222,1.488050142933611,2.122470675787724,4.078290777769375,2, 1, 1, -1, -1, -1, 7, 10, 0.2423, 0.0659, 0.0783, -1, 1, 2, 0, 1,89, 88, 1, 0.9888, 0.0112, 1153, 299, 854, 12898, 0.1257, 0.2593, 0.2593, 0.052, 144.9213, 145.8864, 60, 60, 0.2007,11,true
14,31.013501556419254,7.143279346358723,4.129318476116972,1.226373167237321,2.1872758067377527,1.6422319278315844,3.8860369782253743,0.5905505335863127,1.4889626349493061,2.1232462940010626,4.080252635603121,2.0952, 1.0476, 1.0476, 2, 1, 1, 8, 16, 0.1262, 0.0261, 0.0294, 0.1475, 1.0476, 9, 4, 3,93, 92, 1, 0.9892, 0.0108, 965, 249, 716, 11090, 0.1236, 0.258, 0.258, 0.0415, 119.2473, 120.1087, 40, 40, 0.1606,12,true
17,30.721246021542136,6.945357419007002,4.200759106705644,1.235606514880882,2.1460600448921423,1.6140283528845252,3.892832096039534,0.584912887429849,1.4781225530431057,2.0679039138860955,4.065300214019544,3.1429, 1.5714, 1.5714, 2, 1, 1, 4, 6, 0.3632, 0.0417, 0.0569, 0.3857, 1.5714, 12, 0, 1,82, 81, 1, 0.9878, 0.0122, 113, 95, 18, 2910, 0.3141, 0.8407, 0.8407, 0.3097, 35.4878, 35.4938, 35, 35, 0.3684,3,true
21,30.967301657774822,7.014358164468132,4.191758899191832,1.2267230106285347,2.1515121450885752,1.629564280469342,3.9247400365768192,0.5830408506191866,1.4816128767120957,2.083402583902873,4.119597970318763,5.4286, 2.7143, 2.7143, 13, 2, 11, 6, 9, 0.2064, 0.0197, 0.0244, 0.2683, 2.7143, 21, 1, 2,25, 23, 2, 0.92, 0.08, 717, 100, 617, 666, 0.0372, 0.1395, 0.1395, 0.0711, 26.64, 24.8696, 47, 51, 0.51,2,true
22,30.98595837386462,7.031520974645462,4.174183581336498,1.2301330595629918,2.1555937113799946,1.624374158972378,3.9184045088981447,0.5829711506633426,1.4844678665028719,2.0917590254861533,4.133259385252829,2.1818, 1.0909, 1.0909, 1, 1, 0, 6, 7, 0.1289, 0.0536, 0.0578, 0.0944, 1.0909, 8, 0, 2,88, 86, 2, 0.9773, 0.0227, 302, 143, 159, 1615, 0.0608, 0.4735, 0.4669, 0.1093, 18.3523, 18.2791, 21.5, 31, 0.2168,1,true
23,30.941273458411725,7.02588005638545,4.1684878796993186,1.2300843266195236,2.1544930778517277,1.6238106843135098,3.9171564582158838,0.5819964767824787,1.484303149153944,2.091319941665491,4.130887309229438,2.0741, 1.037, 1.037, 11, 1, 10, 7, 11, 0.1703, 0.0199, 0.0241, 0.219, 1.037, 11, 1, 2,18, 17, 1, 0.9444, 0.0556, 283, 74, 209, 641, 0.1258, 0.2615, 0.2544, 0.1837, 35.6111, 34.6471, 52, 50, 0.6757,9,true
24,30.902728011401795,7.015848002113092,4.17291464795488,1.230071498212299,2.1530793873755405,1.6235104995844463,3.9159330013566533,0.5820932280176347,1.4825737805819026,2.0877324073128687,4.13127062203732,2.0755, 1.0377, 1.0377, 10, 1, 9, 8, 12, 0.1643, 0.0205, 0.0246, 0.1977, 1.0377, 11, 1, 2,17, 16, 1, 0.9412, 0.0588, 283, 73, 210, 567, 0.1179, 0.258, 0.2226, 0.1802, 33.3529, 32.25, 51, 41, 0.5616,8,true
25,30.888244643083937,7.11619642268585,4.151595460739189,1.22535848656939,2.1230333219787516,1.6293301935149562,3.9352361547765815,0.5734582002981131,1.495157233542456,2.096431134939795,4.169310806452806,2.2353, 1.1176, 1.1176, 4, 1, 3, 6, 7, 0.3205, 0.071, 0.0893, 0.3478, 1.1176, 6, 0, 1,8, 7, 1, 0.875, 0.125, 55, 19, 36, 84, 0.1909, 0.3455, 0.3455, 0.1455, 10.5, 10.8571, 8, 8, 0.4211,1,true
26,30.48828363560757,7.055057789229183,4.146490058667619,1.220400460658473,2.0886750430701864,1.607964047835498,3.9135023782861977,0.5752179389148986,1.490217126418051,2.0892928293824666,4.159919617328264,2, 1, 1, 4, 1, 3, 8, 8, 0.3113, 0.1036, 0.1189, 0.3939, 1, 4, 0, 1,210, 209, 1, 0.9952, 0.0048, 194, 64, 130, 2422, 0.0595, 0.3299, 0.3247, 0.0619, 11.5333, 11.5311, 12, 11, 0.1719,6,true
27,30.488352269787395,7.055057789229182,4.146558692847437,1.2204004606584733,2.0887436772500085,1.6079640478354975,3.9135023782861964,0.5752152687989066,1.4902171264180506,2.0892928293824715,4.159850983148444,2, 1, 1, 3, 1, 2, 3, 4, 0.5556, 0.2521, 0.2968, 0.625, 1, 2, 0, 1,210, 209, 1, 0.9952, 0.0048, 169, 60, 109, 2129, 0.06, 0.355, 0.355, 0.0296, 10.1381, 10.1627, 5, 5, 0.0833,1,true
28,30.50719725458985,7.056273594700312,4.14679199394166,1.2204004606584746,2.0878318231466655,1.6079640478354966,3.9135023782861977,0.5752021586925229,1.489913175050268,2.0886849266469096,4.158331226309538,3.4607, 1.7303, 1.7303, 10, 1, 9, 9, 13, 0.2366, 0.0122, 0.0158, 0.3034, 1.7303, 32, 2, 1,27, 26, 1, 0.963, 0.037, 861, 119, 742, 2399, 0.1032, 0.1382, 0.1312, 0.101, 88.8519, 88.9231, 87, 81, 0.6807,6,true
29,29.23105623571707,6.795668133642734,4.121881861336395,1.2119649180064107,2.0365358771901683,1.5145405415625355,3.8057951185682652,0.5756919386402232,1.477040934274777,2.065768125482233,4.02898106137511,8.0769, 4.0385, 4.0385, -1, -1, -1, 9, 10, 0.2687, 0.0223, 0.0328, -1, 4.0385, 22, 1, 1,77, 74, 3, 0.961, 0.039, 490, 212, 278, 2304, 0.0611, 0.4327, 0.4327, 0.0837, 29.9221, 29.5135, 40, 41, 0.1934,1,true
30,29.225524844928728,6.794947835536694,4.122240409841628,1.2119649180064096,2.036496792552386,1.5146954842337466,3.8068797172667437,0.5757038310664755,1.4770409342747794,2.0657681254822333,4.029523360724353,2.1875, 1.0938, 1.0938, 5, 1, 4, 8, 11, 0.2272, 0.0356, 0.0476, 0.3196, 1.0938, 7, 0, 1,4, 2, 2, 0.5, 0.5, 308, 55, 253, 134, 0.1088, 0.1786, 0.1136, 0.1526, 33.5, 20, 47, 27, 0.4909,2,true
31,29.173691379583143,6.790547482154671,4.124000420362934,1.2104779695894636,2.028667461981424,1.5114641229610049,3.8026831488454502,0.5755563255957002,1.4767282342102277,2.0664055817161455,4.042771700636247,2.9882, 1.4941, 1.4941, 13, 2, 11, 15, 16, 0.1543, 0.0132, 0.0143, 0.2034, 1.4941, 28, 1, 1,312, 310, 2, 0.9936, 0.0064, 395, 167, 228, 5386, 0.0437, 0.4228, 0.4076, 0.2354, 17.2628, 16.9968, 58.5, 87, 0.521,14,true
32,29.131428183632288,6.783172211004995,4.123622042340519,1.2104779695894632,2.026679031034204,1.510741057162017,3.798200140891724,0.5755640758690199,1.4767282342102261,2.0653932895975626,4.038071772942825,4.3629, 2.1814, 2.1814, 9, 1, 8, 15, 10, 0.2376, 0.005, 0.0116, 0.3097, 2.1814, 79, 142, 1,24, 23, 1, 0.9583, 0.0417, 607, 296, 311, 4343, 0.2981, 0.4876, 0.4827, 0.3839, 180.9583, 178.6957, 233, 230, 0.777,5,true
33,28.75642643972562,6.702929837301426,4.12674963766168,1.2131170980852848,2.0156776621376338,1.4905529384644134,3.7457731705994743,0.5761882791920829,1.4686514163762974,2.047243908164424,3.9475015276662804,3.5106, 1.7553, 1.7553, 10, 1, 9, 7, 11, 0.2572, 0.0115, 0.015, 0.3419, 1.7553, 35, 1, 1,29, 28, 1, 0.9655, 0.0345, 816, 127, 689, 2452, 0.1036, 0.1556, 0.1556, 0.1152, 84.5517, 84.2143, 94, 94, 0.7402,6,true
34,28.79150020773235,6.712943039747767,4.126320150823554,1.2121268151844549,2.013521215977825,1.4918319581886543,3.7494903826678336,0.5754992845765212,1.4696746727439303,2.048934992521275,3.951886042051159,1.8462, 0.9231, 0.9231, 1, 1, 0, 4, 7, 0.3252, 0.09, 0.1149, 0.3333, 0.9231, 7, 0, 1,25, 24, 1, 0.96, 0.04, 66, 42, 24, 254, 0.1539, 0.6364, 0.6364, 0.1515, 10.16, 10.1667, 10, 10, 0.2381,1,true
35,28.780751131481114,6.710332113556053,4.1256787532069765,1.2121420837586738,2.0103728359735493,1.4918930324855362,3.7492796763435887,0.5754865788253893,1.4692929583884178,2.0480799523649242,3.949946933125147,2, 1, 1, 4, 2, 2, 2, 2, 0.1919, 0.1515, 0.1484, 0.2, 1, 2, 0, 2,13, 9, 4, 0.6923, 0.3077, 67, 22, 45, 104, 0.1194, 0.3284, 0.3284, 0.0597, 8, 10.6667, 2, 4, 0.1818,1,true
36,29.055912612954753,6.766077060848834,4.134980737833026,1.2171153231047378,2.0033246738191783,1.5118439452980013,3.776284587789469,0.5703090278092013,1.4751288077512046,2.0610471289079255,3.9791147723447047,2, 1, 1, 1, 1, 0, 2, 4, 0.5082, 0.2129, 0.2208, 0.3846, 1, 1, 0, 1,85, 83, 2, 0.9765, 0.0235, 99, 65, 34, 529, 0.0629, 0.6566, 0.6566, 0.0707, 6.2235, 6.2651, 4.5, 7, 0.1077,1,true
37,28.678592911165488,6.682480941912942,4.136280153195663,1.2111328704661957,1.996312559491896,1.4861840687190109,3.746121789813662,0.5690627773634795,1.4714013203116565,2.048262829931596,3.915161404028392,6.4118, 3.2059, 3.2059, 12, 2, 10, 5, 7, 0.2842, 0.0366, 0.0447, 0.4024, 3.2059, 13, 0, 1,288, 284, 4, 0.9861, 0.0139, 138, 74, 64, 2197, 0.0553, 0.5362, 0.529, 0.1522, 7.6285, 7.5035, 16.5, 20, 0.2703,4,true
38,28.93164200362187,6.733034937602101,4.145414642027061,1.2182646294107755,2.012513579974226,1.4991137887388832,3.7648248589609628,0.564457352479778,1.4742518017810107,2.055114176901642,3.922513368771981,2.4286, 1.2143, 1.2143, 12, 1, 11, 11, 18, 0.1676, 0.0201, 0.0245, 0.2099, 1.2143, 16, 1, 1,18, 17, 1, 0.9444, 0.0556, 672, 83, 589, 939, 0.0776, 0.1235, 0.1205, 0.0729, 52.1667, 52.3529, 49, 47, 0.5663,3,true
39,28.925840627024026,6.730527562970822,4.145032177833353,1.2182646294107784,2.012366087348857,1.4988188034881451,3.7648248589609614,0.5644589220466403,1.4742518017810118,2.054130892732519,3.920005994140713,2.4935, 1.2468, 1.2468, 16, 1, 15, 7, 10, 0.2383, 0.0138, 0.0173, 0.3979, 1.2468, 23, 0, 1,70, 69, 1, 0.9857, 0.0143, 256, 158, 98, 5657, 0.3157, 0.6172, 0.6133, 0.2734, 80.8143, 80.971, 70, 69, 0.4367,10,true
40,28.812364062562004,6.70593619817426,4.146155748050008,1.2222981898450365,2.0060255238939977,1.4930090307506212,3.754738250593235,0.5651155381965369,1.4728325939942224,2.050841286243653,3.8991222708030477,2.1778, 1.0889, 1.0889, 13, 1, 12, 11, 15, 0.1979, 0.0252, 0.0308, 0.3056, 1.0889, 13, 1, 1,90, 89, 1, 0.9889, 0.0111, 213, 88, 125, 2180, 0.1137, 0.4131, 0.4038, 0.1925, 24.2222, 24.0337, 41, 39, 0.4432,6,true
41,28.81341625453748,6.704347992846279,4.150005156022607,1.2219785510368883,2.005508251269206,1.4928891661975654,3.754843369903653,0.5651665798790785,1.4724730003350566,2.050162053776341,3.897181368784236,2.7619, 1.381, 1.381, 2, 1, 1, 4, 6, 0.355, 0.061, 0.0793, 0.3704, 1.381, 9, 0, 1,222, 221, 1, 0.9955, 0.0045, 172, 96, 76, 3260, 0.0854, 0.5581, 0.5581, 0.1163, 14.6847, 14.6606, 20, 20, 0.2083,2,true
42,28.806931707076124,6.704072054656437,4.149761077394021,1.221978551036888,2.005508251269207,1.4928891661975656,3.7524289107425037,0.5651021489242558,1.4724730003350577,2.05009306922888,3.894697925075626,3.5952, 1.7976, 1.7976, 7, 1, 6, 7, 11, 0.2611, 0.0131, 0.017, 0.3109, 1.7976, 34, 1, 1,28, 27, 1, 0.9643, 0.0357, 809, 120, 689, 2213, 0.0977, 0.1483, 0.1483, 0.1038, 79.0357, 78.8519, 84, 84, 0.7,4,true
43,28.480295635183158,6.658222426611216,4.151596470219198,1.2203673657928196,2.007379534171894,1.471736964710243,3.696938809988967,0.5657075574617827,1.4693133806056802,2.042157395550625,3.773640536939429,10.0328, 5.0164, 5.0164, 42, 6, 36, 5, 9, 0.2756, 0.0184, 0.0201, 0.3659, 5.0164, 21, 0, 1,79, 73, 6, 0.9241, 0.0759, 308, 174, 134, 3060, 0.1258, 0.5649, 0.5584, 0.1721, 38.7342, 38.9041, 36.6667, 51, 0.2931,6,true
44,28.290902850532092,6.631439755831253,4.153979113514324,1.21245712157237,1.9879962282378054,1.474413296082318,3.660547435961424,0.5690027463012921,1.4634200814351659,2.0293105188084755,3.7078657439866363,2.7218, 1.3609, 1.3609, 7.6667, 1.3333, 6.3333, 13, 10, 0.1901, 0.0079, 0.0094, 0.213, 1.3609, 42, 1, 2,163, 162, 1, 0.9939, 0.0061, 365, 200, 165, 12061, 0.2027, 0.5479, 0.5479, 0.3425, 73.9939, 73.679, 125, 125, 0.625,4,true
45,28.13001097993145,6.509075072505126,4.157764332840271,1.2322712197117147,2.013802595735476,1.4687309330866265,3.6095830813541765,0.5710849063293552,1.446334437921328,2.0145886578632184,3.654330639967824,1.7778, 0.8889, 0.8889, 3, 1, 2, 6, 7, 0.3423, 0.1556, 0.1719, 0.4211, 0.8889, 6, 0, 1,434, 433, 1, 0.9977, 0.0023, 307, 256, 51, 5305, 0.0398, 0.8339, 0.8339, 0.0098, 12.2235, 12.2448, 3, 3, 0.0117,1,true
46,27.985543920078044,6.471519367574005,4.191960379948191,1.239526406420523,1.9983834437089385,1.4542126116232732,3.59074301639874,0.5690351175553179,1.4400593003181847,2.015527573489443,3.672100248610062,3.1818, 1.5909, 1.5909, 9, 2, 7, 4, 6, 0.3843, 0.0539, 0.062, 0.5385, 1.5909, 8, 0, 1,191, 189, 2, 0.9895, 0.0105, 257, 80, 177, 1565, 0.0319, 0.3113, 0.3074, 0.0778, 8.1937, 8.1587, 11.5, 19, 0.2375,2,true
47,27.98460479732913,6.47135364003008,4.19193327284953,1.2395264064205256,1.9984939287382175,1.4542126116232732,3.5906877738841008,0.5690380795711167,1.4400593003181843,2.015527573489442,3.672100248610063,3.8182, 1.9091, 1.9091, 7, 2.5, 4.5, 4, 6, 0.4048, 0.0552, 0.0661, 0.4792, 1.9091, 12, 0, 1,191, 189, 2, 0.9895, 0.0105, 257, 80, 177, 1570, 0.032, 0.3113, 0.3074, 0.0778, 8.2199, 8.1693, 13, 19, 0.2375,2,true
48,27.85709025151103,6.445711050675354,4.185317413414567,1.2416029001626347,1.9886837264673043,1.4471332776043986,3.577196899269911,0.570488297039073,1.4384615938232137,2.0118341855791497,3.6532869725149837,2.2381, 1.119, 1.119, 10, 1, 9, 13, 17, 0.1528, 0.0281, 0.0334, 0.2181, 1.119, 13, 2, 2,37, 36, 1, 0.973, 0.027, 320, 94, 226, 1311, 0.1107, 0.2938, 0.2562, 0.1906, 35.4324, 34.7222, 61, 49, 0.5213,10,true
49,28.038051062929156,6.501009288129123,4.153771314470778,1.232561269701395,2.0109892743215974,1.470449259312957,3.5791969249430213,0.5687638789506548,1.4445789614043736,2.020818221364946,3.6723894563036787,2.9231, 1.4615, 1.4615, 13, 2, 11, 6, 10, 0.2151, 0.0282, 0.0355, 0.304, 1.4615, 20, 2, 2,36, 35, 1, 0.9722, 0.0278, 380, 192, 188, 722, 0.0528, 0.5053, 0.5053, 0.0895, 20.0556, 19.6571, 34, 34, 0.1771,1,true
50,28.052187622425368,6.50682080066917,4.153040558329461,1.232522599941148,2.0126686467666315,1.4714215275706066,3.581202228224427,0.5687461611798998,1.4446507766734056,2.0226025545877953,3.676516072147234,2, 1, 1, 10, 1, 9, 8, 14, 0.1677, 0.0368, 0.0434, 0.2331, 1, 6, 1, 2,37, 36, 1, 0.973, 0.027, 318, 82, 236, 1296, 0.1101, 0.2579, 0.2579, 0.1415, 35.027, 34.75, 45, 45, 0.5488,8,true
51,28.033454162160556,6.503824187115716,4.153230923595825,1.2325065210387567,2.010021799108182,1.4709873972060834,3.5803649002409283,0.5686049740751853,1.4444996349909407,2.0218176744525653,3.671801202003128,2.2381, 1.119, 1.119, 10, 1, 9, 13, 17, 0.1528, 0.0281, 0.0334, 0.2181, 1.119, 13, 2, 2,37, 36, 1, 0.973, 0.027, 294, 87, 207, 1289, 0.1185, 0.2959, 0.2653, 0.1837, 34.8378, 34.3056, 54, 45, 0.5172,9,true
52,26.99338454627345,6.27569180072732,4.128012260814804,1.2285965291050036,1.9096632827655795,1.4217685311780843,3.5142330872438357,0.5710162212116392,1.4425737572130883,1.9807188823555122,3.5174437164897396,2.375, 1.1875, 1.1875, 12, 1, 11, 3, 4, 0.486, 0.0717, 0.1083, 0.8333, 1.1875, 4, 0, 1,29, 28, 1, 0.9655, 0.0345, 292, 78, 214, 651, 0.0769, 0.2671, 0.2671, 0.0514, 22.4483, 22.7143, 15, 15, 0.1923,1,true
53,26.33018185048538,6.1046845302494255,4.127413191094242,1.2195930279480713,1.8807634605455295,1.3964984233492892,3.46393238542671,0.571800771030454,1.434288303820604,1.9437420675471058,3.4220316652669736,2.25, 1.125, 1.125, 5, 1, 4, 2, 3, 0.5588, 0.1575, 0.2233, 0.7778, 1.125, 2, 0, 1,168, 167, 1, 0.994, 0.006, 163, 43, 120, 870, 0.0318, 0.2638, 0.2638, 0.0429, 5.1786, 5.1677, 7, 7, 0.1628,1,true
54,27.02211770705836,6.279545884968792,4.100481097068268,1.2379907140011346,1.8562115560688424,1.466577966374285,3.5281527603781697,0.5713829876607627,1.4431395735367907,1.9656180569993635,3.62347091751838,4.7925, 2.3962, 2.3962, 16, 1, 15, 6, 6, 0.3779, 0.0227, 0.0306, 0.5149, 2.3962, 22, 1, 1,64, 63, 1, 0.9844, 0.0156, 185, 142, 43, 2505, 0.2116, 0.7676, 0.7676, 0.2973, 39.1406, 38.8889, 55, 55, 0.3873,4,true
55,26.834134667675507,6.24690594655775,4.099519628944253,1.2385145359168506,1.8536536002898982,1.448810253645066,3.523109457889039,0.5724964614882005,1.4432873920806568,1.9637708969623096,3.619227465538387,2, 1, 1, 2, 1, 1, 2, 3, 0.5321, 0.1795, 0.2364, 0.4615, 1, 2, 0, 1,89, 88, 1, 0.9888, 0.0112, 162, 79, 83, 1017, 0.0705, 0.4877, 0.4877, 0.0309, 11.427, 11.5, 5, 5, 0.0633,1,true
56,26.834814939784334,6.24788856182608,4.100022834343593,1.2385145359168512,1.8536536002898982,1.448986620488099,3.5234873868383945,0.5724785656804396,1.4432873920806566,1.963947263805342,3.619403832381418,3.8621, 1.931, 1.931, 1, 1, 0, 6, 8, 0.2535, 0.0415, 0.0497, 0.2295, 1.931, 14, 0, 1,6, 4, 2, 0.6667, 0.3333, 240, 37, 203, 85, 0.059, 0.1542, 0.0917, 0.1042, 14.1667, 8.75, 25, 10, 0.2703,2,true
57,26.345184112470303,6.13933138840522,4.115722538774417,1.2420543685095857,1.818817544785751,1.419120827388772,3.4803208966899146,0.5730017277804184,1.433607719206764,1.945001360678706,3.5472164879432317,2.4, 1.2, 1.2, 5, 1, 4, 7, 8, 0.3131, 0.0616, 0.0761, 0.38, 1.2, 8, 0, 1,5, 4, 1, 0.8, 0.2, 250, 34, 216, 112, 0.0896, 0.136, 0.136, 0.06, 22.4, 24.25, 15, 15, 0.4412,2,true
58,26.361693317261782,6.130756821848673,4.141154445285378,1.2545632964038356,1.8053910152669173,1.4140051614018678,3.480656500636713,0.5726565068822301,1.4332614414886138,1.9447559850546334,3.5481393239632277,2.5542, 1.2771, 1.2771, 6, 1, 5, 16, 17, 0.1211, 0.0134, 0.0152, 0.1404, 1.2771, 30, 3, 3,9, 8, 1, 0.8889, 0.1111, 248, 95, 153, 567, 0.254, 0.3831, 0.3589, 0.3266, 63, 60.75, 81, 75, 0.7895,6,true
60,26.64858251939698,6.199944064478178,4.059206893964834,1.2337981186039062,1.8419624270846893,1.4170515209985424,3.491313920364808,0.5722427369427716,1.4398068049730477,1.9617623986415949,3.532057970539497,2.4286, 1.2143, 1.2143, 3, 1, 2, 7, 11, 0.243, 0.0423, 0.0523, 0.2727, 1.2143, 10, 1, 1,27, 26, 1, 0.963, 0.037, 195, 71, 124, 517, 0.0982, 0.3641, 0.3385, 0.2, 19.1481, 18.3846, 39, 34, 0.4789,4,true
61,29.814172294801025,6.864528694482096,4.102360772999337,1.2479898304170856,1.9526136224807726,1.6120768242153776,3.803108427442812,0.6004846635115918,1.4939546007060314,2.100082910049764,3.925647232078886,1.8, 0.9, 0.9, 4, 1, 3, 4, 4, 0.2938, 0.1293, 0.1482, 0.4091, 0.9, 5, 1, 2,13, 12, 1, 0.9231, 0.0769, 284, 57, 227, 282, 0.0764, 0.2007, 0.1831, 0.0634, 21.6923, 22, 18, 13, 0.2281,3,true
62,29.954539797050803,6.896737390736771,4.096205549704642,1.2495240158092327,1.9628384305082827,1.6215878655884914,3.8166138711467243,0.6003239490958929,1.4965996351820015,2.106021381941802,3.9474104758446242,2.8621, 1.431, 1.431, 5, 1, 4, 8, 10, 0.1758, 0.0186, 0.0221, 0.2176, 1.431, 21, 1, 2,3, 1, 2, 0.3333, 0.6667, 243, 60, 183, 147, 0.2016, 0.2469, 0.1852, 0.2099, 49, 45, 51, 36, 0.6,2,true
64,29.42777440815422,6.765078352369729,4.076758417737962,1.2425573359030802,1.9573930212494595,1.574273799958996,3.802689648460787,0.5859220417018796,1.5106216950873252,2.100912611552967,3.8098142153543986,4.1818, 2.0909, 2.0909, 16, 2, 14, 6, 8, 0.216, 0.0249, 0.0324, 0.2638, 2.0909, 7, 1, 2,55, 53, 2, 0.9636, 0.0364, 154, 47, 107, 1262, 0.149, 0.3052, 0.3052, 0.1558, 22.9455, 22.9057, 24, 24, 0.5106,5,true
65,29.573518710202762,6.780947773710807,4.072726569974733,1.243643963946346,1.9720012988402988,1.5802798015459147,3.815288239125573,0.5862181059042414,1.5043500874287505,2.0976331322856674,3.8373334348507018,2.3548, 1.1774, 1.1774, 1, 1, 0, 6, 9, 0.195, 0.0171, 0.0212, 0.2087, 1.1774, 19, 1, 2,76, 75, 1, 0.9868, 0.0132, 536, 89, 447, 2037, 0.05, 0.166, 0.1604, 0.0933, 26.8026, 26.4933, 50, 47, 0.5281,1,true
66,29.657332476305875,6.765964231776769,4.0673227274987145,1.2494422806932266,1.9735294621995412,1.588392822701853,3.813029792612968,0.584513877160634,1.5049169189815848,2.0858153963168617,3.810168408792507,4.0899, 2.0449, 2.0449, 16.5, 3.75, 12.75, 6, 11, 0.1894, 0.0118, 0.012, 0.2293, 2.0449, 21, 1, 2,11, 7, 4, 0.6364, 0.3636, 443, 82, 361, 259, 0.0532, 0.1851, 0.0519, 0.1761, 23.5455, 17.4286, 34.25, 19, 0.2317,3,true
67,29.629842535334678,6.732301857853074,4.071245180640573,1.2528097911069191,1.9696844716246606,1.5846657832815114,3.8093809476088096,0.5846307421501741,1.5027950301407,2.0766632485876215,3.7963456171282375,2.0976, 1.0488, 1.0488, 2, 1, 1, 5, 8, 0.2292, 0.0256, 0.0328, 0.2649, 1.0488, 8, 1, 2,3, 1, 2, 0.3333, 0.6667, 165, 36, 129, 92, 0.1859, 0.2182, 0.1333, 0.2121, 30.6667, 22, 35, 21, 0.5833,1,true
68,31.07290630485697,6.969267649774731,4.126500122306922,1.2373938791858337,2.0767486382261042,1.652553311698979,3.9581805661522114,0.5834644220555586,1.5252701835873392,2.1249811650066963,3.991006454910695,4.0952, 2.0476, 2.0476, 15, 2, 13, 6, 8, 0.2152, 0.0262, 0.0339, 0.2637, 2.0476, 7, 1, 2,45, 43, 2, 0.9556, 0.0444, 126, 47, 79, 986, 0.1739, 0.373, 0.373, 0.1746, 21.9111, 21.907, 22, 22, 0.4681,4,true
69,31.071486583638595,6.969267649774733,4.126507743246519,1.237393879185833,2.076748638226104,1.6525533116989788,3.95818056615221,0.5833356348560229,1.5252701835873392,2.1249811650066968,3.991264586041307,4.9362, 2.4681, 2.4681, 12, 2, 10, 8, 11, 0.2232, 0.0243, 0.032, 0.3262, 2.4681, 20, 0, 1,16, 14, 2, 0.875, 0.125, 526, 61, 465, 589, 0.07, 0.116, 0.1141, 0.0856, 36.8125, 35.6429, 45, 44, 0.7213,2,true
70,31.073010893391675,6.969885293972764,4.126015601829412,1.237436259721357,2.0770953249019413,1.6525811022140762,3.9584758403751175,0.5833197006245917,1.525339659875082,2.125159024303318,3.9914876049249632,1.8182, 0.9091, 0.9091, 2, 1, 1, 4, 7, 0.3182, 0.1133, 0.1342, 0.4167, 0.9091, 6, 0, 1,17, 16, 1, 0.9412, 0.0588, 60, 27, 33, 95, 0.0931, 0.45, 0.4333, 0.15, 5.5882, 5.375, 9, 8, 0.2963,1,true
71,27.870788055158876,6.262659199542856,4.222652228187836,1.1007041287304709,2.2809038802656763,1.4059816931196256,3.9761237505788234,0.4882559720797952,1.4816479926466317,1.964259021850684,3.425809329082932,3.8734, 1.9367, 1.9367, 18.5, 1, 17.5, 6, 10, 0.2651, 0.0135, 0.0154, 0.4041, 1.9367, 30, 0, 1,115, 113, 2, 0.9826, 0.0174, 190, 135, 55, 6881, 0.3149, 0.7105, 0.7105, 0.3684, 59.8348, 59.823, 60.5, 70, 0.5185,20,true
72,27.345863345993337,6.200102134448316,4.20948709845832,1.093167771098068,2.291691103315327,1.3749121636051487,3.9347270695416694,0.4875129406022054,1.483161417483851,1.9580741990074637,3.374455917776349,2.4, 1.2, 1.2, 5, 1, 4, 3, 6, 0.3903, 0.0766, 0.1056, 0.5185, 1.2, 4, 0, 1,153, 152, 1, 0.9935, 0.0065, 53, 29, 24, 1279, 0.1577, 0.5472, 0.5472, 0.2264, 8.3595, 8.3355, 12, 12, 0.4138,1,true
73,27.340925074388373,6.199043933390116,4.209484960715814,1.0931677710980678,2.2913383696292597,1.3749121636051502,3.9347270695416716,0.48752460361807887,1.4831614174838499,1.9577214653213963,3.373397716718145,2.375, 1.1875, 1.1875, 5, 1, 4, 3, 6, 0.2631, 0.0712, 0.0858, 0.3409, 1.1875, 6, 1, 2,167, 166, 1, 0.994, 0.006, 107, 31, 76, 1314, 0.0735, 0.2897, 0.2897, 0.1215, 7.8683, 7.8373, 13, 13, 0.4194,1,true
74,27.56193862045555,6.242564286731443,4.211968417276351,1.0934363679365193,2.298658985446177,1.3859570501599494,3.9532632346349543,0.48673690322338486,1.4854823822179175,1.962940313288901,3.4326526707553238,2.698, 1.349, 1.349, 19, 1, 18, 9, 11, 0.2315, 0.007, 0.009, 0.3304, 1.349, 45, 1, 1,57, 56, 1, 0.9825, 0.0175, 738, 236, 502, 4336, 0.1031, 0.3198, 0.3198, 0.2507, 76.0702, 74.125, 185, 185, 0.7839,28,true
75,27.557727681065195,6.242692098907087,4.211858508109172,1.0931888431840429,2.298658985446175,1.3862270771626495,3.9535424779848203,0.4867405375748469,1.4852348574654421,1.963052824540026,3.4335302585141,2.9333, 1.4667, 1.4667, 2, 1, 1, 5, 7, 0.3733, 0.0843, 0.1046, 0.4375, 1.4667, 6, 2, 1,9, 8, 1, 0.8889, 0.1111, 36, 31, 5, 113, 0.3488, 0.8611, 0.8056, 0.4167, 12.5556, 12.25, 15, 13, 0.4194,1,true
76,27.557727681065217,6.241949524649653,4.2119659392972935,1.0931888431840433,2.2986589854461794,1.3862270771626488,3.9535424779848216,0.4867399667208868,1.4849873327129661,1.9625577750350751,3.4335302585141014,6.2133, 3.1067, 3.1067, 12, 2, 10, 6, 11, 0.2023, 0.0145, 0.0188, 0.2326, 3.1067, 25, 1, 2,18, 16, 2, 0.8889, 0.1111, 776, 120, 656, 1120, 0.0802, 0.1546, 0.1546, 0.0941, 62.2222, 61.0625, 71.5, 73, 0.6083,4,true
77,27.570981045171923,6.2477840756769325,4.207460365563265,1.0921356879191602,2.3000094854633,1.3867369107413048,3.9544852542100952,0.48620331787196625,1.486241488448907,1.9642105172992645,3.4342477916217073,2.7368, 1.3684, 1.3684, 3, 1, 2, 6, 11, 0.2248, 0.0292, 0.0313, 0.2325, 1.3684, 18, 1, 1,347, 345, 2, 0.9942, 0.0058, 897, 503, 394, 7195, 0.0231, 0.5608, 0.5552, 0.0346, 20.7349, 20.7623, 16, 26, 0.0517,1,true
78,27.761414401849976,6.278970374210473,4.216310208897404,1.0934857179420965,2.3098921852383154,1.3980893787310644,3.9784776998719877,0.4861045455006565,1.4886765674400892,1.969483529627095,3.461016531309386,2.3636, 1.1818, 1.1818, 6, 1.3333, 4.6667, 4, 6, 0.2513, 0.0328, 0.0416, 0.3022, 1.1818, 10, 1, 2,117, 116, 1, 0.9915, 0.0085, 104, 56, 48, 3106, 0.2553, 0.5385, 0.5385, 0.25, 26.547, 26.5517, 26, 26, 0.4643,5,true
80,27.767462013907867,6.274572320407894,4.221263110050599,1.0939975723667419,2.3093802930607263,1.39624609186697,3.978154836821528,0.48613792919442894,1.488213766674964,1.9696163193180247,3.4588564488887483,2.1714, 1.0857, 1.0857, 2, 2, 0, 6, 10, 0.216, 0.0316, 0.0392, 0.1977, 1.0857, 8, 0, 1,37, 36, 1, 0.973, 0.027, 639, 133, 506, 1892, 0.08, 0.2081, 0.2081, 0.0892, 51.1351, 50.9722, 57, 57, 0.4286,4,true
81,27.767164394860213,6.274512796598364,4.221262716360122,1.0939975723667412,2.3093207692512023,1.396246091866969,3.9781548368215263,0.48613807644740487,1.4882137666749637,1.9696163193180254,3.4588564488887488,2.1111, 1.0556, 1.0556, 2, 1, 1, 6, 7, 0.3292, 0.0699, 0.0896, 0.3436, 1.0556, 4, 0, 1,36, 35, 1, 0.9722, 0.0278, 639, 133, 506, 1821, 0.0792, 0.2081, 0.2081, 0.0626, 50.5833, 50.8857, 40, 40, 0.3008,2,true
82,27.60215387088124,6.2450279300634595,4.172380508666282,1.0893765575054368,2.3021292648358194,1.3862727630967286,3.9372974300064434,0.4864740397281761,1.4855956328633544,1.9599125029602555,3.426497445473194,3.0462, 1.5231, 1.5231, 6, 1, 5, 6, 10, 0.2541, 0.0167, 0.0218, 0.3092, 1.5231, 18, 0, 1,15, 14, 1, 0.9333, 0.0667, 474, 86, 388, 1017, 0.143, 0.1814, 0.1814, 0.135, 67.8, 68.0714, 64, 64, 0.7442,4,true
83,27.601163575773306,6.2447473464495475,4.172384154211605,1.0893765575054362,2.302409848449735,1.3859921794828114,3.9375780136203637,0.4864801871963214,1.4855956328633553,1.9599125029602575,3.426497445473193,3.5758, 1.7879, 1.7879, 7, 1, 6, 6, 10, 0.268, 0.0168, 0.0219, 0.3243, 1.7879, 25, 0, 1,18, 17, 1, 0.9444, 0.0556, 474, 104, 370, 1108, 0.1299, 0.2194, 0.2194, 0.1371, 61.5556, 61.3529, 65, 65, 0.625,1,true
84,27.58351795447493,6.239279959103597,4.172579516833915,1.0893406193765194,2.301112481995822,1.3835627619680042,3.936422003806852,0.48645489358129773,1.4857178225016738,1.9588511302195675,3.4253653944123,3.8049, 1.9024, 1.9024, 8, 2, 6, 8, 11, 0.2443, 0.0276, 0.0329, 0.339, 1.9024, 17, 0, 1,6, 4, 2, 0.6667, 0.3333, 67, 39, 28, 144, 0.3582, 0.5821, 0.4776, 0.5075, 24, 22.5, 27, 27, 0.6923,1,true
85,27.60317512301262,6.240678629559119,4.169767071235093,1.0936096048634683,2.3134379495801416,1.383237146993815,3.937139883285733,0.48764709929014377,1.4835140694946045,1.9613900998571634,3.405199678269705,2.2069, 1.1034, 1.1034, 3, 1, 2, 8, 10, 0.2467, 0.0423, 0.0513, 0.2917, 1.1034, 8, 0, 1,93, 92, 1, 0.9892, 0.0108, 114, 75, 39, 884, 0.0834, 0.6579, 0.6316, 0.2456, 9.5054, 9.3043, 28, 25, 0.3333,9,true
86,26.81930108996903,6.090984913138864,4.145508154320224,1.0614724355132457,2.234582141025802,1.335297891007132,3.9526764525034572,0.47618643830639273,1.4728363319688336,1.9476088435963295,3.396839183409032,4.6667, 2.3333, 2.3333, 8, 2, 6, 5, 6, 0.3646, 0.0523, 0.0626, 0.3485, 2.3333, 10, 1, 1,13, 11, 2, 0.8462, 0.1538, 243, 55, 188, 276, 0.0874, 0.2263, 0.2222, 0.0947, 21.2308, 21.8182, 18, 22, 0.4,4,true
87,26.818623755281024,6.091154246810863,4.145383292132431,1.0614724355132465,2.2344128073538028,1.335297891007132,3.9525917856674555,0.4761915759458814,1.472920998804834,1.9476935104323307,3.39675451657303,3.0625, 1.5312, 1.5312, 5, 1, 4, 6, 10, 0.2564, 0.017, 0.0221, 0.3043, 1.5312, 18, 0, 1,17, 16, 1, 0.9412, 0.0588, 468, 102, 366, 1016, 0.1277, 0.2179, 0.2179, 0.1346, 59.7647, 59.5625, 63, 63, 0.6176,6,true
88,26.807818476434228,6.088762507511356,4.145400831029571,1.0614038166396258,2.2333677134491094,1.3350748796678633,3.9527590441719056,0.47618506883038886,1.473141796632051,1.9471262979689299,3.395993068427041,3.5625, 1.7812, 1.7812, 9, 1, 8, 6, 10, 0.2632, 0.0173, 0.0223, 0.358, 1.7812, 26, 0, 1,16, 15, 1, 0.9375, 0.0625, 468, 102, 366, 952, 0.1271, 0.2179, 0.2179, 0.1346, 59.5, 59.2667, 63, 63, 0.6176,2,true
89,27.463267441492402,6.256527181620358,4.16118799873298,1.0581901777871108,2.216868371263029,1.3601819918488463,3.998841366481335,0.47805934231080727,1.4793236654638644,1.972748421396949,3.505713859842444,1, 0.5, 0.5, 1, 1, 0, 1, 1, 1, 0.75, 0.75, 1, 0.5, 0, 0, 1,8, 7, 1, 0.875, 0.125, 30, 30, 0, 108, 0.45, 1, 1, 0.0667, 13.5, 15.1429, 2, 2, 0.0667,1,true
90,27.469228304036346,6.257819776173144,4.161343242264238,1.0581766072406245,2.217092285280048,1.3602396666714107,3.9992416976026703,0.47804141676601775,1.4793575918300783,1.9728298446758634,3.505812246304467,1, 0.5, 0.5, 1, 1, 0, 1, 1, 1, 0.75, 0.75, 1, 0.5, 0, 0, 1,8, 7, 1, 0.875, 0.125, 29, 29, 0, 107, 0.4612, 1, 1, 0.069, 13.375, 15, 2, 2, 0.069,1,true
91,27.381730618743727,6.236895072171236,4.165033483409185,1.058064576702714,2.2103554799210414,1.3482106077324338,3.990173470138366,0.47738320906795406,1.4777881222273241,1.9708136789708246,3.499008020355258,1.6, 0.8, 0.8, 2, 1, 1, 2, 4, 0.5219, 0.2631, 0.3133, 0.5714, 0.8, 3, 0, 1,57, 56, 1, 0.9825, 0.0175, 86, 34, 52, 396, 0.0808, 0.3953, 0.3837, 0.0465, 6.9474, 7, 4, 3, 0.0882,1,true
92,27.161294350999913,6.059792669728335,4.336412237735195,1.0548191919061474,2.26894493194697,1.2875214729512334,4.036767031087221,0.4713517879863788,1.458925289595462,1.9204693445590453,3.4365762464944156,2.2857, 1.1429, 1.1429, 1.6667, 1, 0.6667, 3, 6, 0.3921, 0.1868, 0.2152, 0.3741, 1.1429, 2, 2, 1,198, 197, 1, 0.9949, 0.0051, 43, 38, 5, 342, 0.0402, 0.8837, 0.8837, 0.1163, 1.7273, 1.7107, 5, 5, 0.1316,2,true
93,27.32007016469473,6.046898461793026,4.355595266377964,1.0519449733896604,2.2833664287539692,1.289451653447295,4.115072087116518,0.47041626293540073,1.4605261023481346,1.9249360996288063,3.497741598180167,2.4, 1.2, 1.2, 2.3333, 1.6667, 0.6667, 2, 2, 0.741, 0.2956, 0.3915, 0.7111, 1.2, 2, 0, 1,197, 196, 1, 0.9949, 0.0051, 43, 38, 5, 333, 0.0393, 0.8837, 0.8837, 0.0698, 1.6904, 1.6837, 3, 3, 0.0789,1,true
94,27.402004984936962,6.051123519787848,4.364365845109883,1.0446651736653498,2.2959305156675587,1.2925176519894965,4.131475941659246,0.4727779554815777,1.4653431419554033,1.9260712072486934,3.50254298675828,1, 0.5, 0.5, 1, 1, 0, 1, 1, 1, 0.75, 0.75, 1, 0.5, 0, 0, 1,197, 196, 1, 0.9949, 0.0051, 43, 38, 5, 333, 0.0393, 0.8837, 0.8837, 0.0233, 1.6904, 1.6939, 1, 1, 0.0263,1,true
95,28.00122277775214,6.227510904638304,4.34184409298301,1.0081577590784925,2.346289805807571,1.3068958440709222,4.188005570511228,0.4738863660470867,1.4693627157111189,1.9548018589594571,3.6112697581232096,2, 1, 1, 2, 1, 1, 5, 9, 0.232, 0.0399, 0.0498, 0.2647, 1, 7, 0, 1,23, 22, 1, 0.9565, 0.0435, 106, 47, 59, 320, 0.1313, 0.4434, 0.4434, 0.2358, 13.913, 13.4091, 25, 25, 0.5319,1,true
96,27.9256759745714,6.204442259963542,4.35003598443936,1.0110399874382092,2.34688493881424,1.2898256498760439,4.188720368387248,0.4725040933631569,1.4658270314134787,1.948531664232712,3.5873578239713617,2.4444, 1.2222, 1.2222, 3, 1, 2, 2, 4, 0.4929, 0.1406, 0.1872, 0.5333, 1.2222, 5, 0, 1,149, 148, 1, 0.9933, 0.0067, 29, 29, 0, 828, 0.1916, 1, 1, 0.2414, 5.557, 5.5473, 7, 7, 0.2414,3,true
97,26.609257944634248,5.872247805512095,4.296820413131581,0.9703558712493308,2.2892903192753993,1.1736159183177437,4.124810271438742,0.46968865179528063,1.4402805485169814,1.8865933777289317,3.4020050365567926,1.8182, 0.9091, 0.9091, 5, 1, 4, 3, 5, 0.4227, 0.1055, 0.1444, 0.625, 0.9091, 4, 0, 1,60, 59, 1, 0.9833, 0.0167, 46, 20, 26, 340, 0.1232, 0.4348, 0.4348, 0.1739, 5.6667, 5.6271, 8, 8, 0.4,4,true
98,26.52877306985859,5.871235641387187,4.293082604378775,0.9709005335586989,2.2897714376486746,1.1716233620359722,4.123884345512817,0.4839191481598948,1.4403168593376063,1.8863573573948722,3.403639023484898,1.6, 0.8, 0.8, 3, 1, 2, 2, 3, 0.1574, 0.1138, 0.1171, 0.1636, 0.8, 4, 0, 2,114, 112, 2, 0.9825, 0.0175, 111, 100, 11, 1267, 0.1001, 0.9009, 0.9009, 0.0721, 11.114, 11.2411, 4, 8, 0.08,1,true
99,27.339946259950903,6.140719193668759,4.296052684478458,1.0564018428686937,2.2563750521777974,1.316428602939286,4.024918347288472,0.4721447306048139,1.474510128521644,1.9496887012464161,3.517597595341225,1.6, 0.8, 0.8, 2.5, 1.5, 1, 2, 3, 0.5822, 0.2804, 0.2767, 0.7333, 0.8, 2, 0, 1,278, 276, 2, 0.9928, 0.0072, 80, 54, 26, 671, 0.0302, 0.675, 0.6625, 0.0375, 2.4137, 2.4167, 2, 2, 0.037,1,true
100,26.456105887952596,5.865169409518417,4.278487324018115,0.9704722233973468,2.2160395800652157,1.167488733173313,4.128954229132888,0.5042009627567983,1.4392139297409174,1.8867499864082193,3.3880457324332593,3, 1.5, 1.5, 4, 1, 3, 6, 7, 0.3057, 0.0224, 0.0307, 0.331, 1.5, 14, 0, 1,49, 48, 1, 0.9796, 0.0204, 114, 56, 58, 1093, 0.1957, 0.4912, 0.4825, 0.3684, 22.3061, 21.8958, 42, 41, 0.7321,3,true
101,26.44527488888629,5.864189017361552,4.278370904272547,0.9704722233973471,2.2151525585899585,1.1674887331733124,4.128954229132889,0.5042051364909256,1.4392139297409177,1.8864231890225986,3.3869252842539894,3.75, 1.875, 1.875, 12, 2, 10, 4, 6, 0.3195, 0.0767, 0.0993, 0.3947, 1.875, 7, 0, 1,71, 69, 2, 0.9718, 0.0282, 28, 24, 4, 963, 0.4844, 0.8571, 0.8571, 0.5714, 13.5634, 13.4928, 16, 16, 0.6667,2,true
102,26.04229207320943,5.777546714006152,4.287757241838305,0.9701013453174476,2.180047138174685,1.1334158650240669,4.110540392507221,0.4921621811412819,1.4361223784361254,1.8716934164993209,3.3477107461708275,8.2105, 4.1053, 4.1053, 24, 12, 12, 9, 11, 0.2263, 0.0327, 0.0373, 0.2824, 4.1053, 16, 0, 1,31, 25, 6, 0.8065, 0.1935, 271, 139, 132, 1087, 0.1294, 0.5129, 0.4945, 0.1218, 35.0645, 38, 22.8333, 28, 0.2014,1,true
103,26.51069457142665,5.870956494679827,4.329676492127967,0.9855622193624979,2.2397390847001653,1.1493333594619128,4.166150618936219,0.49435522352227323,1.4426393898018193,1.8893499179060773,3.412516286218995,1.8667, 0.9333, 0.9333, 2, 1, 1, 8, 9, 0.2725, 0.0843, 0.0975, 0.3256, 0.9333, 8, 0, 1,21, 20, 1, 0.9524, 0.0476, 57, 33, 24, 224, 0.1871, 0.5789, 0.4561, 0.2807, 10.6667, 10.4, 16, 9, 0.2727,2,true
104,26.48811071564431,5.865286319633062,4.328829209655179,0.9847726600209851,2.239025041397735,1.1482873596666463,4.1649763427568915,0.4944158484685882,1.442513447952211,1.8882992650868105,3.408760985649154,2, 1, 1, -1, -1, -1, 5, 6, 0.3437, 0.0914, 0.1145, -1, 1, 3, 0, 1,92, 91, 1, 0.9891, 0.0109, 38, 10, 28, 411, 0.1176, 0.2632, 0.2632, 0.2632, 4.4674, 4.4066, 10, 10, 1,-1,false
105,24.823883122597774,5.993300694454462,3.701858231125007,0.9891786314576521,1.775265421200984,1.0458065786832476,3.4415605262508704,0.5966601120287985,1.4752601313819464,1.9788541375716997,3.535974086112859,1.5, 0.75, 0.75, 1, 1, 0, 1, 2, 0.7, 0.3125, 0.4375, 0.6, 0.75, 1, 0, 1,10, 9, 1, 0.9, 0.1, 22, 22, 0, 94, 0.4273, 1, 1, 0.1364, 9.4, 10.1111, 3, 3, 0.1364,1,true
106,24.618613121258583,5.98336330631568,3.663539054107833,0.9653185974700095,1.7439156382548995,1.027668165443728,3.425123339868698,0.5927747230283229,1.4799967118546964,1.9831115210299155,3.5002898852477733,2.4615, 1.2308, 1.2308, 9, 1, 8, 5, 5, 0.4611, 0.0996, 0.1372, 0.75, 1.2308, 4, 0, 1,17, 16, 1, 0.9412, 0.0588, 41, 21, 20, 229, 0.3286, 0.5122, 0.5122, 0.3902, 13.4706, 13.3125, 16, 16, 0.7619,1,true
